,name,address,latitude,longitude,avg_rating,avg_price,category
0,艾迪多慕思(这是一条测试商户数据，仅用于测试开发，开发完成后请申请正式数据...),静安区延安西路200号文艺宾馆新楼1楼,31.219666,121.44173,40.0,354.0,意大利菜
1,华万意意大利餐厅(这是一条测试商户数据，仅用于测试开发，开发完成后请申请正式数据...),卢湾区太仓路181弄新天地北里7号楼,31.219019,121.474884,40.0,323.0,意大利菜
2,大马可意大利餐厅(这是一条测试商户数据，仅用于测试开发，开发完成后请申请正式数据...),长宁区东诸安浜路103号维景酒店公寓1楼,31.218105,121.43427,40.0,146.0,意大利菜
3,李奥纳多达芬奇餐厅(这是一条测试商户数据，仅用于测试开发，开发完成后请申请正式数据...),静安区华山路250号希尔顿酒店1楼,31.219276,121.44545,40.0,296.0,意大利菜
4,吉范尼斯(这是一条测试商户数据，仅用于测试开发，开发完成后请申请正式数据...),长宁区遵义南路5号虹桥喜来登上海太平洋大饭店27楼,31.203594,121.40553,40.0,244.0,意大利菜
5,帕兰朵(这是一条测试商户数据，仅用于测试开发，开发完成后请申请正式数据...),静安区南京西路1376号波特曼大酒店1楼,31.22708,121.45174,40.0,696.0,意大利菜
6,帕戈意大利餐厅(这是一条测试商户数据，仅用于测试开发，开发完成后请申请正式数据...),黄浦区河南中路88号威斯汀大饭店2楼,31.232384,121.48686,35.0,169.0,意大利菜
7,意庐(这是一条测试商户数据，仅用于测试开发，开发完成后请申请正式数据...),浦东新区世纪大道88号金茂君悦大酒店56楼,31.235287,121.505844,40.0,433.0,意大利菜
8,红塔豪华精选酒店Danieli's意大利餐厅(这是一条测试商户数据，仅用于测试开发，开发完成后请申请正式数据...),浦东新区东方路889号红塔豪华精选酒店39楼,31.22376,121.52824,45.0,211.0,意大利菜
9,Tima Harbour(这是一条测试商户数据，仅用于测试开发，开发完成后请申请正式数据...),长宁区镇宁路11号,31.215313,121.438324,40.0,83.0,意大利菜
10,临江西餐厅(这是一条测试商户数据，仅用于测试开发，开发完成后请申请正式数据...),浦东新区浦东南路2111号福朋喜来登由由酒店2楼,31.209538,121.517,30.0,144.0,意大利菜
11,米令意大利餐馆(这是一条测试商户数据，仅用于测试开发，开发完成后请申请正式数据...),闵行区虹梅路3316号,31.189793,121.38601,35.0,128.0,意大利菜
12,天水恋意大利餐厅(这是一条测试商户数据，仅用于测试开发，开发完成后请申请正式数据...),浦东新区滨江大道富都段滨江花园内,31.23485,121.498665,35.0,154.0,意大利菜
13,卡美奥意大利艺术餐厅(这是一条测试商户数据，仅用于测试开发，开发完成后请申请正式数据...),浦东新区碧云路633号碧云体育休闲中心A2楼,31.23985,121.58311,40.0,242.0,意大利菜
14,Casanova(这是一条测试商户数据，仅用于测试开发，开发完成后请申请正式数据...),静安区巨鹿路913号,31.218042,121.44776,40.0,241.0,意大利菜
15,拉斐尔餐厅(这是一条测试商户数据，仅用于测试开发，开发完成后请申请正式数据...),长宁区延安西路2099号扬子江万丽酒店1楼,31.203089,121.40617,30.0,334.0,意大利菜
16,Gondola 贡多拉意大利餐厅(这是一条测试商户数据，仅用于测试开发，开发完成后请申请正式数据...),黄浦区河南中路16号,31.231386,121.48678,40.0,153.0,意大利菜
17,龙之梦大酒店阿米奇意大利餐厅(这是一条测试商户数据，仅用于测试开发，开发完成后请申请正式数据...),长宁区延安西路1116号龙之梦大酒店2楼,31.211185,121.4304,35.0,220.0,意大利菜
18,The Kitchen Salvatore Cuomo(这是一条测试商户数据，仅用于测试开发，开发完成后请申请正式数据...),浦东新区陆家嘴西路2967号D座,31.240807,121.49727,45.0,314.0,意大利菜
19,普西尼餐厅(这是一条测试商户数据，仅用于测试开发，开发完成后请申请正式数据...),浦东新区迎春路1199号上海证大丽笙酒店1楼,31.226248,121.56055,35.0,159.0,意大利菜
20,瑞特大酒店西餐厅(这是一条测试商户数据，仅用于测试开发，开发完成后请申请正式数据...),闵行区宜山路1888号瑞特大酒店1楼,31.168072,121.38846,30.0,50.0,意大利菜
21,泰迪之家(这是一条测试商户数据，仅用于测试开发，开发完成后请申请正式数据...),卢湾区泰康路248弄田子坊23号,31.208279,121.46867,40.0,97.0,意大利菜
22,PizzaExpress 马上诺(这是一条测试商户数据，仅用于测试开发，开发完成后请申请正式数据...),卢湾区黄陂南路380号,31.219389,121.475586,45.0,126.0,意大利菜
23,夏朵花园(这是一条测试商户数据，仅用于测试开发，开发完成后请申请正式数据...),徐汇区复兴西路268号,31.211353,121.43782,40.0,161.0,意大利菜
24,法沃莱意大利餐厅(这是一条测试商户数据，仅用于测试开发，开发完成后请申请正式数据...),黄浦区南京东路789号世茂皇家艾美酒店8楼,31.23463,121.476166,40.0,387.0,意大利菜
25,JustGrapes(这是一条测试商户数据，仅用于测试开发，开发完成后请申请正式数据...),静安区大沽路462号,31.225506,121.46442,40.0,111.0,意大利菜
26,Pane e Vino(这是一条测试商户数据，仅用于测试开发，开发完成后请申请正式数据...),卢湾区思南路47号思南公馆,31.214857,121.46806,45.0,402.0,意大利菜
27,Venexia(这是一条测试商户数据，仅用于测试开发，开发完成后请申请正式数据...),长宁区番禺路127号惠寓时尚酒店1楼,31.208021,121.42958,45.0,277.0,意大利菜
28,塞纳阳光西餐厅(这是一条测试商户数据，仅用于测试开发，开发完成后请申请正式数据...),浦东新区龙东大道3000号龙东商务酒店内,31.22201,121.63364,30.0,42.0,意大利菜
29,Porta Nova(这是一条测试商户数据，仅用于测试开发，开发完成后请申请正式数据...),闵行区虹梅路3338弄老外街40号,31.191778,121.38949,45.0,142.0,意大利菜
30,POST餐厅(这是一条测试商户数据，仅用于测试开发，开发完成后请申请正式数据...),卢湾区顺昌路168弄翠湖天地10号会所2楼,31.218693,121.479195,45.0,250.0,意大利菜
31,LaVie Coffee Restaurant(这是一条测试商户数据，仅用于测试开发，开发完成后请申请正式数据...),徐汇区东湖路7号东湖宾馆2楼,31.216003,121.45435,30.0,129.0,意大利菜
32,JustGrapes(这是一条测试商户数据，仅用于测试开发，开发完成后请申请正式数据...),徐汇区安福路162号,31.214317,121.44462,40.0,105.0,意大利菜
33,罗天尼意大利西餐(这是一条测试商户数据，仅用于测试开发，开发完成后请申请正式数据...),浦东新区浦东国际机场T2航站楼国际出发厅,31.161415,121.79382,35.0,100.0,意大利菜
34,缇咖园(这是一条测试商户数据，仅用于测试开发，开发完成后请申请正式数据...),徐汇区泰安路50号,31.205835,121.43704,45.0,122.0,意大利菜
35,Giorgios Cafe 'N'  Bar(这是一条测试商户数据，仅用于测试开发，开发完成后请申请正式数据...),徐汇区文定路258号文定生活广场内,31.184523,121.43116,40.0,93.0,意大利菜
36,Dolce Vita Italian(这是一条测试商户数据，仅用于测试开发，开发完成后请申请正式数据...),徐汇区富民路291号悟锦世纪大厦内,31.217567,121.45243,35.0,188.0,意大利菜
37,橄榄庄园(这是一条测试商户数据，仅用于测试开发，开发完成后请申请正式数据...),松江区新松江路925号开元地中海商业广场3楼,31.038502,121.218315,35.0,90.0,意大利菜
38,浦东由由喜来登酒店盛宴西餐厅(这是一条测试商户数据，仅用于测试开发，开发完成后请申请正式数据...),浦东新区浦建路38号喜来登由由酒店1楼,31.209208,121.51827,35.0,249.0,意大利菜
39,Osteria生蚝吧&意大利餐厅(这是一条测试商户数据，仅用于测试开发，开发完成后请申请正式数据...),卢湾区进贤路226号,31.221296,121.45794,45.0,352.0,意大利菜
40,La Bomba!(这是一条测试商户数据，仅用于测试开发，开发完成后请申请正式数据...),浦东新区锦延路320-326双号1楼322室,31.215477,121.54249,35.0,97.0,意大利菜
41,奥斯瑞亚意餐厅(这是一条测试商户数据，仅用于测试开发，开发完成后请申请正式数据...),浦东新区民生路1433号世纪皇冠2楼,31.223297,121.55096,0.0,0.0,意大利菜
42,Milano Fine Italian Food(这是一条测试商户数据，仅用于测试开发，开发完成后请申请正式数据...),浦东新区龙阳路2345号新国际博览中心E5馆,31.204939,121.56514,30.0,0.0,意大利菜
43,Specchi镜子意大利餐厅(这是一条测试商户数据，仅用于测试开发，开发完成后请申请正式数据...),静安区南京西路1266号恒隆广场B130号商铺,31.227688,121.45418,40.0,122.0,意大利菜
44,CIAO 巧(这是一条测试商户数据，仅用于测试开发，开发完成后请申请正式数据...),黄浦区汉口路740号,31.23358,121.47663,40.0,99.0,意大利菜
45,Daisy's kitchen(这是一条测试商户数据，仅用于测试开发，开发完成后请申请正式数据...),浦东新区世纪大道2002号亚太盛汇南广场J-06号,31.218296,121.54372,35.0,84.0,意大利菜
46,伊莎贝尔(这是一条测试商户数据，仅用于测试开发，开发完成后请申请正式数据...),卢湾区长乐路139号-19,31.221542,121.46595,45.0,99.0,意大利菜
47,乐意坊意大利餐厅&酒吧(这是一条测试商户数据，仅用于测试开发，开发完成后请申请正式数据...),浦东新区陆家嘴环路165号1楼,31.23528,121.50122,45.0,148.0,意大利菜
48,La Strada(这是一条测试商户数据，仅用于测试开发，开发完成后请申请正式数据...),徐汇区安福路195号,31.213898,121.44373,40.0,127.0,意大利菜
49,意廊(这是一条测试商户数据，仅用于测试开发，开发完成后请申请正式数据...),浦东新区金港路318富豪金丰酒店2楼,31.254705,121.61121,30.0,0.0,意大利菜
50,大马可意大利餐厅(这是一条测试商户数据，仅用于测试开发，开发完成后请申请正式数据...),浦东新区羽山路350号,31.231985,121.54278,40.0,129.0,意大利菜
51,BENE BENE Italian Restaurant(这是一条测试商户数据，仅用于测试开发，开发完成后请申请正式数据...),长宁区虹梅路3911号SOHO3911休闲街1楼,31.193516,121.38341,35.0,132.0,意大利菜
52,Pasta Inn(这是一条测试商户数据，仅用于测试开发，开发完成后请申请正式数据...),卢湾区茂名南路132号,31.215195,121.46195,40.0,66.0,意大利菜
53,浦西洲际酒店ECCO自助餐厅(这是一条测试商户数据，仅用于测试开发，开发完成后请申请正式数据...),闸北区恒丰路500号浦西洲际酒店1楼,31.244848,121.45332,40.0,209.0,意大利菜
54,甜爱Lounge(这是一条测试商户数据，仅用于测试开发，开发完成后请申请正式数据...),虹口区甜爱路129号,31.267723,121.48403,45.0,59.0,意大利菜
55,Meraviglia(这是一条测试商户数据，仅用于测试开发，开发完成后请申请正式数据...),闵行区闵行区合川路2889号D6亲水花街,31.171501,121.381805,30.0,89.0,意大利菜
56,桉树餐馆(这是一条测试商户数据，仅用于测试开发，开发完成后请申请正式数据...),虹口区多伦路240号考拉花园旅舍内,31.264362,121.481735,35.0,107.0,意大利菜
57,优纳仕意式休闲餐厅(这是一条测试商户数据，仅用于测试开发，开发完成后请申请正式数据...),静安区常熟路77号,31.217384,121.44781,35.0,58.0,意大利菜
58,优纳仕意式休闲餐厅(这是一条测试商户数据，仅用于测试开发，开发完成后请申请正式数据...),浦东新区浦电路141号,31.218452,121.5208,30.0,52.0,意大利菜
59,东亚名仕餐厅(这是一条测试商户数据，仅用于测试开发，开发完成后请申请正式数据...),徐汇区零陵路858号底楼,31.18302,121.43973,30.0,0.0,意大利菜
60,海蓝意大利餐厅(这是一条测试商户数据，仅用于测试开发，开发完成后请申请正式数据...),浦东新区陆家嘴环路1288号上海凯宾斯基大酒店2楼,31.242336,121.5042,35.0,170.0,意大利菜
61,酒是爱(这是一条测试商户数据，仅用于测试开发，开发完成后请申请正式数据...),浦东新区浦东世博园B片区世博大道餐饮购物中心B06,31.18472,121.48934,30.0,0.0,意大利菜
62,Bella Napoli(这是一条测试商户数据，仅用于测试开发，开发完成后请申请正式数据...),静安区长乐路946弄4号,31.216312,121.44529,45.0,171.0,意大利菜
63,PizzaExpress 马上诺(这是一条测试商户数据，仅用于测试开发，开发完成后请申请正式数据...),静安区南京西路1376号上海商城西峰107室,31.226656,121.45154,50.0,135.0,意大利菜
64,玛莎妮格(这是一条测试商户数据，仅用于测试开发，开发完成后请申请正式数据...),虹口区物华路255号,31.26104,121.4943,30.0,0.0,意大利菜
65,上海世博洲际酒店巴塞丽意大利餐厅(这是一条测试商户数据，仅用于测试开发，开发完成后请申请正式数据...),浦东新区雪野路1188号上海世博洲际酒店3楼,31.199244,121.50524,45.0,335.0,意大利菜
66,意索娜意大利餐厅(这是一条测试商户数据，仅用于测试开发，开发完成后请申请正式数据...),浦东新区世纪大道8号上海国金中心L4楼17号铺(浦东香格里拉对面）,31.236633,121.50132,40.0,320.0,意大利菜
67,SCENA意味轩(这是一条测试商户数据，仅用于测试开发，开发完成后请申请正式数据...),浦东新区世纪大道8号上海国金中心52楼丽思卡尔顿酒店,31.236633,121.50132,45.0,401.0,意大利菜
68,Caravaggio Italian Restaurant(这是一条测试商户数据，仅用于测试开发，开发完成后请申请正式数据...),浦东新区世博园C片区意大利馆2楼,31.18035,121.47772,30.0,145.0,意大利菜
69,Acqua Pazza(这是一条测试商户数据，仅用于测试开发，开发完成后请申请正式数据...),卢湾区建国中路6号,31.210678,121.47145,45.0,149.0,意大利菜
70,Gennaro Italian restaurant(这是一条测试商户数据，仅用于测试开发，开发完成后请申请正式数据...),长宁区古羊路1129号名都城名都俱乐部1楼,31.190857,121.394615,40.0,265.0,意大利菜
71,SISTERS Bar & Restaurant(这是一条测试商户数据，仅用于测试开发，开发完成后请申请正式数据...),徐汇区嘉善路259弄旁嘉善老市内 B102室,31.20736,121.4606,50.0,86.0,意大利菜
72,Home Garden(这是一条测试商户数据，仅用于测试开发，开发完成后请申请正式数据...),长宁区安化路492号德必易园多媒体创意园区106室,31.2153,121.42038,40.0,108.0,意大利菜
73,Nolita(这是一条测试商户数据，仅用于测试开发，开发完成后请申请正式数据...),静安区大沽路422号,31.225538,121.46507,45.0,206.0,意大利菜
74,Mandi Mandi 满定(这是一条测试商户数据，仅用于测试开发，开发完成后请申请正式数据...),静安区富民路173号,31.21933,121.4513,45.0,46.0,意大利菜
75,Akatsuki Italiano&Bar(这是一条测试商户数据，仅用于测试开发，开发完成后请申请正式数据...),浦东新区东方路778号紫金山大酒店1楼C座,31.227774,121.523865,30.0,0.0,意大利菜
76,乐意坊意大利薄底披萨(这是一条测试商户数据，仅用于测试开发，开发完成后请申请正式数据...),徐汇区虹桥路1号港汇恒隆广场1号内街166号,31.19448,121.4374,40.0,116.0,意大利菜
77,TOP CHEF(这是一条测试商户数据，仅用于测试开发，开发完成后请申请正式数据...),卢湾区蒙自路169号智造局 4-105室,31.20591,121.47784,45.0,231.0,意大利菜
78,FOSSETTE Vino & Cibo Italiano(这是一条测试商户数据，仅用于测试开发，开发完成后请申请正式数据...),徐汇区襄阳北路93号-3,31.21893,121.45539,40.0,105.0,意大利菜
79,意大利披萨(这是一条测试商户数据，仅用于测试开发，开发完成后请申请正式数据...),嘉定区永靖路274号新城枫景门口北侧,31.398907,121.260025,35.0,92.0,意大利菜
80,Il Nascondiglio(这是一条测试商户数据，仅用于测试开发，开发完成后请申请正式数据...),徐汇区襄阳南路311号,31.208872,121.457985,35.0,315.0,意大利菜
81,Vale 192(这是一条测试商户数据，仅用于测试开发，开发完成后请申请正式数据...),宝山区安达路241号易觉公司,31.36174,121.49032,35.0,88.0,意大利菜
82,谷乐滋意式屋(这是一条测试商户数据，仅用于测试开发，开发完成后请申请正式数据...),闵行区沪闵路7866弄莲花广场2楼228号,31.132963,121.40189,45.0,74.0,意大利菜
83,Settebello(这是一条测试商户数据，仅用于测试开发，开发完成后请申请正式数据...),徐汇区安福路193号,31.213943,121.44403,45.0,121.0,意大利菜
84,洋面屋五右卫门(这是一条测试商户数据，仅用于测试开发，开发完成后请申请正式数据...),浦东新区世纪大道100号上海环球金融中心B1楼106-2号,31.234571,121.507965,40.0,43.0,意大利菜
85,茂名汇(这是一条测试商户数据，仅用于测试开发，开发完成后请申请正式数据...),静安区延安中路718号1号楼101室,31.224344,121.460335,30.0,0.0,意大利菜
86,铭时西餐厅(这是一条测试商户数据，仅用于测试开发，开发完成后请申请正式数据...),崇明县崇明区城桥镇北门路258号,31.62689,121.3951,0.0,0.0,意大利菜
87,尚城堡美酒美食总汇(这是一条测试商户数据，仅用于测试开发，开发完成后请申请正式数据...),长宁区黄金城道686号,31.195683,121.40022,35.0,0.0,意大利菜
88,TAVOLA(这是一条测试商户数据，仅用于测试开发，开发完成后请申请正式数据...),"浦东新区滨江大道2500号,东园路路口",31.242622,121.50149,45.0,363.0,意大利菜
89,美伊娜意大利家庭料理(这是一条测试商户数据，仅用于测试开发，开发完成后请申请正式数据...),浦东新区锦延路156号,31.21643,121.53922,40.0,67.0,意大利菜
90,Salute(这是一条测试商户数据，仅用于测试开发，开发完成后请申请正式数据...),徐汇区复兴西路59号,31.210472,121.44462,45.0,131.0,意大利菜
91,洋面屋五右卫门(这是一条测试商户数据，仅用于测试开发，开发完成后请申请正式数据...),静安区吴江路169号四季坊2楼,31.229605,121.46062,35.0,44.0,意大利菜
92,意风物语(这是一条测试商户数据，仅用于测试开发，开发完成后请申请正式数据...),闸北区天目中路355号,31.24546,121.46831,30.0,0.0,意大利菜
93,Citaly(这是一条测试商户数据，仅用于测试开发，开发完成后请申请正式数据...),长宁区天山路341号缤谷文化休闲广场201号,31.214678,121.3861,40.0,64.0,意大利菜
94,安娜意大利餐厅(这是一条测试商户数据，仅用于测试开发，开发完成后请申请正式数据...),闵行区华漕镇金丰路472号,31.202606,121.28469,35.0,80.0,意大利菜
95,La Bomba Pizzeria(这是一条测试商户数据，仅用于测试开发，开发完成后请申请正式数据...),长宁区荣华西道59号古北美食坊1楼A4室,31.193758,121.39124,35.0,139.0,意大利菜
96,Jstone Italian Restaurant & Café(这是一条测试商户数据，仅用于测试开发，开发完成后请申请正式数据...),浦东新区潍坊西路88号,31.222494,121.51612,45.0,152.0,意大利菜
97,LAGO意大利料理(这是一条测试商户数据，仅用于测试开发，开发完成后请申请正式数据...),闵行区红松东路1000号哈一顿大酒店1楼,31.188444,121.39703,30.0,135.0,意大利菜
98,PALATINO ROMAN CUISINE(这是一条测试商户数据，仅用于测试开发，开发完成后请申请正式数据...),卢湾区长乐路434弄7号1-3楼,31.220655,121.45899,40.0,114.0,意大利菜
99,JustGrapes(这是一条测试商户数据，仅用于测试开发，开发完成后请申请正式数据...),徐汇区永康路41号,31.21101,121.4586,40.0,80.0,意大利菜
100,PizzaExpress 马上诺(这是一条测试商户数据，仅用于测试开发，开发完成后请申请正式数据...),徐汇区永嘉路570号111单元,31.20568,121.45126,50.0,134.0,意大利菜
101,南土克特(这是一条测试商户数据，仅用于测试开发，开发完成后请申请正式数据...),徐汇区虹桥路1号港汇恒隆广场,31.19435,121.437775,30.0,0.0,意大利菜
102,意味(这是一条测试商户数据，仅用于测试开发，开发完成后请申请正式数据...),卢湾区建国西路148-2号,31.20722,121.4638,40.0,123.0,意大利菜
103,The TERRACE(这是一条测试商户数据，仅用于测试开发，开发完成后请申请正式数据...),徐汇区安福路23号,31.21496,121.44766,45.0,142.0,意大利菜
104,BOCCA意大利餐厅(这是一条测试商户数据，仅用于测试开发，开发完成后请申请正式数据...),黄浦区中山东二路22号5楼,31.230736,121.49403,40.0,277.0,意大利菜
105,8 ½ Otto e Mezzo BOMBANA(这是一条测试商户数据，仅用于测试开发，开发完成后请申请正式数据...),黄浦区圆明园路169号协进大楼6-7楼,31.242397,121.48787,50.0,1062.0,意大利菜
106,义面屋(这是一条测试商户数据，仅用于测试开发，开发完成后请申请正式数据...),静安区南京西路819号中创大厦5楼507室,31.23051,121.46081,45.0,76.0,意大利菜
107,Vini Angeli(这是一条测试商户数据，仅用于测试开发，开发完成后请申请正式数据...),浦东新区陆家嘴西路168号正大广场8楼-28号铺,31.237043,121.50013,35.0,96.0,意大利菜
108,Tasteit(这是一条测试商户数据，仅用于测试开发，开发完成后请申请正式数据...),徐汇区漕溪路286弄23号2号楼2楼,31.16936,121.4353,0.0,0.0,意大利菜
109,PizzaExpress 马上诺(这是一条测试商户数据，仅用于测试开发，开发完成后请申请正式数据...),徐汇区虹桥路1号港汇恒隆广场5楼507B/C,31.194883,121.43741,45.0,128.0,意大利菜
110,La Taverna(这是一条测试商户数据，仅用于测试开发，开发完成后请申请正式数据...),静安区富民路148号,31.21906,121.45112,40.0,136.0,意大利菜
111,Acqua & Farina Ristorante Italiano(这是一条测试商户数据，仅用于测试开发，开发完成后请申请正式数据...),浦东新区浦东南路1138号上海湾商场B1铺,31.227077,121.514946,45.0,154.0,意大利菜
112,美丽岛意大利餐厅(这是一条测试商户数据，仅用于测试开发，开发完成后请申请正式数据...),徐汇区龙腾大道3222号,31.180935,121.46388,40.0,115.0,意大利菜
113,Citaly(这是一条测试商户数据，仅用于测试开发，开发完成后请申请正式数据...),卢湾区徐家汇路618号日月光中心广场B1楼,31.206047,121.4683,40.0,50.0,意大利菜
114,Scarpetta(这是一条测试商户数据，仅用于测试开发，开发完成后请申请正式数据...),卢湾区蒙自路33号,31.20848,121.47691,50.0,315.0,意大利菜
115,LA VELA 风帆意大利餐厅酒吧(这是一条测试商户数据，仅用于测试开发，开发完成后请申请正式数据...),卢湾区泰康路248弄田子坊23-6号,31.208015,121.4685,35.0,99.0,意大利菜
116,蓝天小厨(这是一条测试商户数据，仅用于测试开发，开发完成后请申请正式数据...),宝山区泰镇路211号,31.392532,121.40258,0.0,0.0,意大利菜
117,SEVE Italian Restaurant(这是一条测试商户数据，仅用于测试开发，开发完成后请申请正式数据...),静安区华山路600号上海戏剧学院内,31.216969,121.44097,45.0,165.0,意大利菜
118,Mamma Italia(这是一条测试商户数据，仅用于测试开发，开发完成后请申请正式数据...),青浦区沈太路2588号太阳岛度假村内,31.0356,121.073814,30.0,0.0,意大利菜
119,Mercato by Jean Georges(这是一条测试商户数据，仅用于测试开发，开发完成后请申请正式数据...),黄浦区中山东一路3号外滩3号6楼,31.23427,121.49069,50.0,405.0,意大利菜
120,Tai wine(这是一条测试商户数据，仅用于测试开发，开发完成后请申请正式数据...),卢湾区泰康路248弄田子坊38号,31.207897,121.46901,40.0,111.0,意大利菜
121,GUSTO(这是一条测试商户数据，仅用于测试开发，开发完成后请申请正式数据...),青浦区高泾路999弄1号108室,31.168785,121.291626,0.0,208.0,意大利菜
122,斯比特休闲餐厅(这是一条测试商户数据，仅用于测试开发，开发完成后请申请正式数据...),闸北区柳营路777号盛源生活广场4楼,31.263638,121.45557,45.0,61.0,意大利菜
123,圣拉啡尔(这是一条测试商户数据，仅用于测试开发，开发完成后请申请正式数据...),徐汇区永嘉路36号,31.210423,121.46186,0.0,0.0,意大利菜
124,SOLITA(这是一条测试商户数据，仅用于测试开发，开发完成后请申请正式数据...),徐汇区肇嘉浜路41号,31.203587,121.465485,30.0,0.0,意大利菜
125,Fat Mama(这是一条测试商户数据，仅用于测试开发，开发完成后请申请正式数据...),静安区昌平路1000号,31.232561,121.4367,45.0,117.0,意大利菜
126,Henkes(这是一条测试商户数据，仅用于测试开发，开发完成后请申请正式数据...),静安区南京西路1601号芮欧百货1楼E铺,31.222734,121.44767,40.0,168.0,意大利菜
127,CAPO At Rockbund(这是一条测试商户数据，仅用于测试开发，开发完成后请申请正式数据...),黄浦区北京东路99号益丰外滩源5楼,31.24056,121.48792,45.0,443.0,意大利菜
128,义面屋(这是一条测试商户数据，仅用于测试开发，开发完成后请申请正式数据...),浦东新区芳甸路199弄大拇指广场2楼33号（交通银行楼上）,31.22722,121.55846,50.0,83.0,意大利菜
129,橄榄庄园(这是一条测试商户数据，仅用于测试开发，开发完成后请申请正式数据...),松江区新桥镇新南路1号绿地金御广场217室,31.087557,121.33945,40.0,86.0,意大利菜
130,法蓝咖啡(这是一条测试商户数据，仅用于测试开发，开发完成后请申请正式数据...),浦东新区上南路205号1楼,31.184366,121.49456,30.0,0.0,意大利菜
131,The Source(这是一条测试商户数据，仅用于测试开发，开发完成后请申请正式数据...),卢湾区泰康路190弄1号105室,31.20794,121.46987,35.0,58.0,意大利菜
132,Art Of Pasta(这是一条测试商户数据，仅用于测试开发，开发完成后请申请正式数据...),黄浦区多稼路220号1楼,31.212364,121.501274,35.0,40.0,意大利菜
133,LUCCIO'S(这是一条测试商户数据，仅用于测试开发，开发完成后请申请正式数据...),卢湾区淡水路240-242号,31.21686,121.47315,45.0,163.0,意大利菜
134,The TERRACE(这是一条测试商户数据，仅用于测试开发，开发完成后请申请正式数据...),长宁区黄金城道693号,31.195091,121.40087,45.0,183.0,意大利菜
135,The Little Onion 意厨坊(这是一条测试商户数据，仅用于测试开发，开发完成后请申请正式数据...),静安区万航渡路889号悦达889广场L2-09号铺,31.229404,121.42822,45.0,74.0,意大利菜
136,镰仓PASTA(这是一条测试商户数据，仅用于测试开发，开发完成后请申请正式数据...),浦东新区东方路796号96广场9号门2楼212单元,31.227848,121.52548,40.0,69.0,意大利菜
137,芝邑意大利餐厅(这是一条测试商户数据，仅用于测试开发，开发完成后请申请正式数据...),浦东新区雪野路928号地产大厦102室,31.216158,121.45375,30.0,0.0,意大利菜
138,SPICCO(这是一条测试商户数据，仅用于测试开发，开发完成后请申请正式数据...),松江区新桥镇明兴路638号绿地金御广场1楼,31.087427,121.3395,45.0,92.0,意大利菜
139,PizzaExpress 马上诺(这是一条测试商户数据，仅用于测试开发，开发完成后请申请正式数据...),卢湾区淮海中路300号K11购物艺术中心4楼403号铺,31.22307,121.47351,45.0,128.0,意大利菜
140,义面屋(这是一条测试商户数据，仅用于测试开发，开发完成后请申请正式数据...),徐汇区华山路2038号百联徐汇商业广场3楼,31.19693,121.43734,45.0,76.0,意大利菜
141,安东尼奥意大利餐厅(这是一条测试商户数据，仅用于测试开发，开发完成后请申请正式数据...),浦东新区世博大道1368号世博源1G04号铺,31.18729,121.492004,40.0,143.0,意大利菜
142,GIRASOLE(这是一条测试商户数据，仅用于测试开发，开发完成后请申请正式数据...),浦东新区明月路188弄108号世茂湖滨花园会所2楼,31.232412,121.57596,40.0,91.0,意大利菜
143,Pizzeria Alla Hungry(这是一条测试商户数据，仅用于测试开发，开发完成后请申请正式数据...),卢湾区龙华东路868号海外滩名品汇3-202室,31.19362,121.47369,50.0,107.0,意大利菜
144,镰仓PASTA(这是一条测试商户数据，仅用于测试开发，开发完成后请申请正式数据...),徐汇区肇嘉浜路1111号美罗城B1楼,31.193289,121.43974,40.0,54.0,意大利菜
145,CUCINA 1980(这是一条测试商户数据，仅用于测试开发，开发完成后请申请正式数据...),杨浦区荆州路268号,31.259693,121.51428,45.0,92.0,意大利菜
146,Bella Napoli(这是一条测试商户数据，仅用于测试开发，开发完成后请申请正式数据...),静安区南汇路73号,31.23005,121.45669,45.0,129.0,意大利菜
147,La Strada(这是一条测试商户数据，仅用于测试开发，开发完成后请申请正式数据...),静安区西康路225号,31.23007,121.45047,40.0,106.0,意大利菜
148,纯意堂(这是一条测试商户数据，仅用于测试开发，开发完成后请申请正式数据...),浦东新区滨江大道2650号1号楼,31.241528,121.49853,50.0,190.0,意大利菜
149,Eleven Cafe & Restaurant(这是一条测试商户数据，仅用于测试开发，开发完成后请申请正式数据...),徐汇区斜土路2899号甲B幢101室 光启文化广场,31.185986,121.4412,45.0,212.0,意大利菜
150,Il Bambino(这是一条测试商户数据，仅用于测试开发，开发完成后请申请正式数据...),卢湾区建国中路155弄7号田子坊,31.207903,121.469246,50.0,374.0,意大利菜
151,Jstone. Grill & Lounge(这是一条测试商户数据，仅用于测试开发，开发完成后请申请正式数据...),浦东新区东方路778号紫金山大酒店2楼,31.227774,121.523865,50.0,202.0,意大利菜
152,Green Kitchen(这是一条测试商户数据，仅用于测试开发，开发完成后请申请正式数据...),徐汇区东平路6号2楼,31.20862,121.4503,40.0,147.0,意大利菜
153,镰仓PASTA(这是一条测试商户数据，仅用于测试开发，开发完成后请申请正式数据...),虹口区西江湾路338号凯德虹口龙之梦A栋3楼,31.27076,121.47835,40.0,60.0,意大利菜
154,Pistacchio(这是一条测试商户数据，仅用于测试开发，开发完成后请申请正式数据...),徐汇区武康路378号1楼,31.20634,121.43912,40.0,231.0,意大利菜
155,Bonne Cafe & Restaurant(这是一条测试商户数据，仅用于测试开发，开发完成后请申请正式数据...),静安区南阳路74号,31.228582,121.45231,50.0,97.0,意大利菜
156,Babbo(这是一条测试商户数据，仅用于测试开发，开发完成后请申请正式数据...),静安区康定路1023号,31.23051,121.4375,50.0,138.0,意大利菜
157,Q Italian & Wine(这是一条测试商户数据，仅用于测试开发，开发完成后请申请正式数据...),卢湾区思南路30号,31.218702,121.46605,35.0,72.0,意大利菜
158,Daisy's kitchen(这是一条测试商户数据，仅用于测试开发，开发完成后请申请正式数据...),浦东新区上南路4467弄1楼118号中房金谊广场,31.139915,121.51405,40.0,77.0,意大利菜
159,Sunny Bay(这是一条测试商户数据，仅用于测试开发，开发完成后请申请正式数据...),闵行区金丰路459号,31.203028,121.2848,0.0,66.0,意大利菜
160,卡萨琳戈 Casalingo(这是一条测试商户数据，仅用于测试开发，开发完成后请申请正式数据...),浦东新区新金桥路15号金桥红枫万豪酒店1楼,31.244024,121.59115,40.0,175.0,意大利菜
161,Cataly Italian Pizza Cafe(这是一条测试商户数据，仅用于测试开发，开发完成后请申请正式数据...),长宁区天山路缤谷广场City Super2楼,31.214602,121.38639,35.0,66.0,意大利菜
162,PIZZA CLASSIC(这是一条测试商户数据，仅用于测试开发，开发完成后请申请正式数据...),长宁区定西路798号新中华美食广场内,31.209272,121.42383,40.0,34.0,意大利菜
163,浅岸艺术空间(这是一条测试商户数据，仅用于测试开发，开发完成后请申请正式数据...),普陀区中江路106号1楼南首,31.220694,121.39318,0.0,0.0,意大利菜
164,镰仓PASTA(这是一条测试商户数据，仅用于测试开发，开发完成后请申请正式数据...),卢湾区徐家汇路618号日月光广场1楼A-09室,31.20597,121.46792,40.0,61.0,意大利菜
165,泰迪之家(这是一条测试商户数据，仅用于测试开发，开发完成后请申请正式数据...),浦东新区花木路1378号嘉里城1楼L122号铺,31.21244,121.56271,40.0,98.0,意大利菜
166,D.O.C GASTRONOMIA ITALIANA(这是一条测试商户数据，仅用于测试开发，开发完成后请申请正式数据...),"徐汇区东平路5号-2,-3",31.208347,121.45121,45.0,178.0,意大利菜
167,1977意大利西餐厅(这是一条测试商户数据，仅用于测试开发，开发完成后请申请正式数据...),嘉定区博学路复地康桥,31.353714,121.30312,0.0,0.0,意大利菜
168,La Vite(这是一条测试商户数据，仅用于测试开发，开发完成后请申请正式数据...),徐汇区乌鲁木齐中路247-2号,31.211964,121.44639,40.0,111.0,意大利菜
169,罗曼慕斯餐厅(这是一条测试商户数据，仅用于测试开发，开发完成后请申请正式数据...),闵行区虹梅路3219号,31.187683,121.38734,40.0,95.0,意大利菜
170,Pascasa Sunbrunch元意西餐(这是一条测试商户数据，仅用于测试开发，开发完成后请申请正式数据...),浦东新区陆家嘴环路1188号,31.242205,121.505394,40.0,101.0,意大利菜
171,deCanto意大利餐厅(这是一条测试商户数据，仅用于测试开发，开发完成后请申请正式数据...),黄浦区中山东一路6号4楼,31.23472,121.49054,40.0,271.0,意大利菜
172,Goodfellas(这是一条测试商户数据，仅用于测试开发，开发完成后请申请正式数据...),黄浦区延安东路7号,31.2327,121.49123,50.0,232.0,意大利菜
173,斯比特花园•意大利餐厅(这是一条测试商户数据，仅用于测试开发，开发完成后请申请正式数据...),普陀区中山北路3300号月星环球港2楼2027室,31.23282,121.41195,45.0,89.0,意大利菜
174,Gold Wheel Restaurant&wine(这是一条测试商户数据，仅用于测试开发，开发完成后请申请正式数据...),卢湾区茂名南路56号-2,31.22117,121.46011,50.0,166.0,意大利菜
175,镰仓PASTA(这是一条测试商户数据，仅用于测试开发，开发完成后请申请正式数据...),普陀区中山北路3300号月星环球港B1楼B1063室,31.23282,121.41195,40.0,64.0,意大利菜
176,Pasta Inn(这是一条测试商户数据，仅用于测试开发，开发完成后请申请正式数据...),徐汇区漕溪北路339号百脑汇二期徐汇店B1F台北东区内,31.191004,121.438286,45.0,67.0,意大利菜
177,Specchi镜子意大利餐厅(这是一条测试商户数据，仅用于测试开发，开发完成后请申请正式数据...),普陀区中山北路3300号月星环球港L1025,31.23282,121.41195,40.0,93.0,意大利菜
178,PizzaExpress 马上诺(这是一条测试商户数据，仅用于测试开发，开发完成后请申请正式数据...),浦东新区东方路796号96广场130单元,31.227425,121.52486,45.0,112.0,意大利菜
179,PizzaExpress 马上诺(这是一条测试商户数据，仅用于测试开发，开发完成后请申请正式数据...),闵行区华漕镇运乐路569弄171单元,31.204645,121.283295,40.0,107.0,意大利菜
180,镰仓PASTA(这是一条测试商户数据，仅用于测试开发，开发完成后请申请正式数据...),徐汇区天钥桥路580号星游城1楼,31.185246,121.442856,40.0,58.0,意大利菜
181,10 Corso Como Restaurant(这是一条测试商户数据，仅用于测试开发，开发完成后请申请正式数据...),静安区南京西路1717号会德丰国际广场北苑5楼,31.221598,121.444786,45.0,267.0,意大利菜
182,ciao意大利餐厅(这是一条测试商户数据，仅用于测试开发，开发完成后请申请正式数据...),松江区三新北路900弄泰晤士小镇内,31.034208,121.19658,30.0,128.0,意大利菜
183,由由喜来登酒店盛宴西餐厅(这是一条测试商户数据，仅用于测试开发，开发完成后请申请正式数据...),浦东新区浦建路38号,31.20939,121.51798,30.0,0.0,意大利菜
184,Sale e Pepe(这是一条测试商户数据，仅用于测试开发，开发完成后请申请正式数据...),浦东新区昌邑路31号,31.24019,121.51296,45.0,155.0,意大利菜
185,意大利帝查诺西餐厅(这是一条测试商户数据，仅用于测试开发，开发完成后请申请正式数据...),松江区江学路893号,31.04091,121.21173,35.0,101.0,意大利菜
186,TAVOLA SOGNO意大利创作料理餐厅(这是一条测试商户数据，仅用于测试开发，开发完成后请申请正式数据...),徐汇区斜土路2421号4号楼,31.191462,121.446365,45.0,118.0,意大利菜
187,洛克斯意式餐厅(这是一条测试商户数据，仅用于测试开发，开发完成后请申请正式数据...),长宁区虹桥路1438号高岛屋百货7楼712室,31.196884,121.40345,40.0,130.0,意大利菜
188,布拉诺欧陆餐厅(这是一条测试商户数据，仅用于测试开发，开发完成后请申请正式数据...),浦东新区崮山路500号明悦大酒店3楼,31.24321,121.55683,0.0,0.0,意大利菜
189,Citaly(这是一条测试商户数据，仅用于测试开发，开发完成后请申请正式数据...),嘉定区南翔镇真南路4368弄3号109-110,31.29378,121.32063,30.0,43.0,意大利菜
190,BOCCANA(这是一条测试商户数据，仅用于测试开发，开发完成后请申请正式数据...),长宁区长宁区遵义南路6号虹桥友谊商城3F,31.204046,121.40716,35.0,0.0,意大利菜
191,MYLK Italian Restaurant(这是一条测试商户数据，仅用于测试开发，开发完成后请申请正式数据...),杨浦区大学路257号,31.303452,121.50836,40.0,76.0,意大利菜
192,Grappa's 意大利餐厅(这是一条测试商户数据，仅用于测试开发，开发完成后请申请正式数据...),静安区南京西路1515号嘉里中心S3-06室,31.22396,121.45027,0.0,203.0,意大利菜
193,世家意大利餐厅咖啡吧(这是一条测试商户数据，仅用于测试开发，开发完成后请申请正式数据...),"静安区南京西路1515号嘉里中心南区商场S2-03,S2-07K室",31.22396,121.45027,40.0,116.0,意大利菜
194,米兰意式餐厅(这是一条测试商户数据，仅用于测试开发，开发完成后请申请正式数据...),普陀区曹杨路555号汇融天地202号,31.23735,121.41832,45.0,82.0,意大利菜
195,镰仓PASTA(这是一条测试商户数据，仅用于测试开发，开发完成后请申请正式数据...),长宁区长宁路1018号龙之梦购物中心6楼,31.2187,121.41637,40.0,66.0,意大利菜
196,意优食品(这是一条测试商户数据，仅用于测试开发，开发完成后请申请正式数据...),闵行区莲花南路2399号2幢乙,31.06887,121.42968,0.0,0.0,意大利菜
197,吴太和(这是一条测试商户数据，仅用于测试开发，开发完成后请申请正式数据...),浦东新区南泉北路39号,31.23834,121.51564,30.0,0.0,意大利菜
198,Vivra Vivre(这是一条测试商户数据，仅用于测试开发，开发完成后请申请正式数据...),长宁区兴义路48号4番新虹桥世纪广场,31.204573,121.403786,35.0,79.0,意大利菜
199,妈妈眯亚意式休闲餐厅(这是一条测试商户数据，仅用于测试开发，开发完成后请申请正式数据...),黄浦区九江路595号,31.234348,121.47949,30.0,0.0,意大利菜
200,0405酒吧餐厅(这是一条测试商户数据，仅用于测试开发，开发完成后请申请正式数据...),浦东新区华夏西路5677号,31.16639,121.57747,30.0,30.0,意大利菜
201,露丝索菲意式餐厅&酒吧(这是一条测试商户数据，仅用于测试开发，开发完成后请申请正式数据...),金山区金山区龙胜东路806号,30.729263,121.35528,30.0,84.0,意大利菜
202,Soprano(这是一条测试商户数据，仅用于测试开发，开发完成后请申请正式数据...),静安区武定路993号,31.23015,121.44317,35.0,88.0,意大利菜
203,百世达(这是一条测试商户数据，仅用于测试开发，开发完成后请申请正式数据...),浦东新区陆家嘴西路168号正大广场3楼25室,31.23708,121.49934,45.0,77.0,意大利菜
204,诺丁好食(这是一条测试商户数据，仅用于测试开发，开发完成后请申请正式数据...),徐汇区建国西路515号,31.202896,121.450966,35.0,123.0,意大利菜
205,55° Wine & Tapas(这是一条测试商户数据，仅用于测试开发，开发完成后请申请正式数据...),闵行区合川路2908号新乐坊C幢105室,31.17801,121.38032,30.0,0.0,意大利菜
206,淘最意大利(这是一条测试商户数据，仅用于测试开发，开发完成后请申请正式数据...),嘉定区金沙江路3131号10号楼104室,31.242785,121.35287,30.0,62.0,意大利菜
207,宜芝多亚米吉雅(这是一条测试商户数据，仅用于测试开发，开发完成后请申请正式数据...),长宁区水城南路89号,31.198542,121.39246,35.0,56.0,意大利菜
208,Pasta Inn(这是一条测试商户数据，仅用于测试开发，开发完成后请申请正式数据...),静安区南京西路1818号1788国际广场3楼308室,31.22213,121.44387,45.0,76.0,意大利菜
209,Anna Italian ResTaurAnt(这是一条测试商户数据，仅用于测试开发，开发完成后请申请正式数据...),闵行区闵行华漕镇金丰路472号,31.202423,121.28471,0.0,0.0,意大利菜
210,PizzaExpress 马上诺(这是一条测试商户数据，仅用于测试开发，开发完成后请申请正式数据...),黄浦区南京东路299号宏伊国际广场2层S－211,31.23676,121.48444,45.0,108.0,意大利菜
211,Calypso地中海餐厅(这是一条测试商户数据，仅用于测试开发，开发完成后请申请正式数据...),静安区铜仁路近安义路，静安嘉里中心南区广场,31.22378,121.450386,40.0,278.0,意大利菜
212,艾瑞客意大利家庭料理(这是一条测试商户数据，仅用于测试开发，开发完成后请申请正式数据...),长宁区凯旋路1580-1号1楼新淮海坊商业街内,31.197182,121.422195,50.0,72.0,意大利菜
213,特味坊(这是一条测试商户数据，仅用于测试开发，开发完成后请申请正式数据...),闸北区闻喜路,31.30836,121.45262,0.0,0.0,意大利菜
214,玫瑰&皇室西餐厅(这是一条测试商户数据，仅用于测试开发，开发完成后请申请正式数据...),嘉定区华江路850弄江桥万达广场金街22号,31.23876,121.32463,30.0,60.0,意大利菜
215,镰仓PASTA(这是一条测试商户数据，仅用于测试开发，开发完成后请申请正式数据...),浦东新区张杨路501号7楼970D室,31.22785,121.51751,40.0,66.0,意大利菜
216,意大利餐厅(这是一条测试商户数据，仅用于测试开发，开发完成后请申请正式数据...),卢湾区建国中路6号,31.21063,121.471466,30.0,0.0,意大利菜
217,美伊娜意大利家庭料理(这是一条测试商户数据，仅用于测试开发，开发完成后请申请正式数据...),长宁区荣华东道19弄2号1E室,31.193926,121.3958,0.0,0.0,意大利菜
218,安仕意大利餐厅(这是一条测试商户数据，仅用于测试开发，开发完成后请申请正式数据...),卢湾区茂名南路207-7号,31.211954,121.4632,0.0,0.0,意大利菜
219,披萨屋(这是一条测试商户数据，仅用于测试开发，开发完成后请申请正式数据...),徐汇区上中路1号,31.136131,121.4328,30.0,0.0,意大利菜
220,如意面菜馆(这是一条测试商户数据，仅用于测试开发，开发完成后请申请正式数据...),宝山区淞良路482号,31.345716,121.48664,0.0,0.0,意大利菜
221,意式休闲餐厅(这是一条测试商户数据，仅用于测试开发，开发完成后请申请正式数据...),卢湾区淮海中路688号华狮广场4楼,31.219715,121.46528,0.0,0.0,意大利菜
222,LUNA SOLE意大利餐厅(这是一条测试商户数据，仅用于测试开发，开发完成后请申请正式数据...),浦东新区临沂北路150弄东南华庭2号107室开心果内,31.205858,121.516525,0.0,0.0,意大利菜
223,Mammamia(这是一条测试商户数据，仅用于测试开发，开发完成后请申请正式数据...),浦东新区陆家嘴环路168号正大广场1楼,31.23702,121.4987,40.0,137.0,意大利菜
224,红磡意大利餐厅(这是一条测试商户数据，仅用于测试开发，开发完成后请申请正式数据...),虹口区溧阳路745号,31.25523,121.4887,45.0,188.0,意大利菜
225,百世达(这是一条测试商户数据，仅用于测试开发，开发完成后请申请正式数据...),徐汇区肇嘉浜路1111号美罗城4楼,31.19338,121.43973,45.0,73.0,意大利菜
226,PLCOLO(这是一条测试商户数据，仅用于测试开发，开发完成后请申请正式数据...),长宁区定西路1216号,31.21404,121.42307,40.0,56.0,意大利菜
227,斯比特花园•意大利餐厅(这是一条测试商户数据，仅用于测试开发，开发完成后请申请正式数据...),长宁区天山路341号缤谷广场210单元,31.21455,121.38641,45.0,86.0,意大利菜
228,谷乐滋意式屋(这是一条测试商户数据，仅用于测试开发，开发完成后请申请正式数据...),黄浦区南京东路353号悦荟广场6楼,31.23701,121.48348,40.0,55.0,意大利菜
229,Trattoria Luna Sole(这是一条测试商户数据，仅用于测试开发，开发完成后请申请正式数据...),浦东新区临沂北路150弄东南华庭2号107室开心果内,31.205858,121.516525,30.0,0.0,意大利菜
230,季庭意厨 seasons kitchen(这是一条测试商户数据，仅用于测试开发，开发完成后请申请正式数据...),普陀区大渡河路178号长风景畔广场1楼,31.222914,121.39543,35.0,106.0,意大利菜
231,镰仓Pasta(这是一条测试商户数据，仅用于测试开发，开发完成后请申请正式数据...),闸北区共和新路2008号大宁国际商业广场12座5楼533室,31.27411,121.4526,35.0,69.0,意大利菜
232,乐意坊意大利薄底披萨(这是一条测试商户数据，仅用于测试开发，开发完成后请申请正式数据...),普陀区中山北路3300号月星环球港4楼,31.23282,121.41195,40.0,106.0,意大利菜
233,萨利亚(这是一条测试商户数据，仅用于测试开发，开发完成后请申请正式数据...),徐汇区漕溪北路339号百脑汇2期2楼,31.193872,121.437164,30.0,0.0,意大利菜
234,Bacco(这是一条测试商户数据，仅用于测试开发，开发完成后请申请正式数据...),静安区大沽路374号,31.22568,121.4664,40.0,137.0,意大利菜
235,春天餐厅(这是一条测试商户数据，仅用于测试开发，开发完成后请申请正式数据...),闵行区闵行区石龙路337-7号,31.156044,121.44073,0.0,0.0,意大利菜
236,笑缘美食广场西餐(这是一条测试商户数据，仅用于测试开发，开发完成后请申请正式数据...),徐汇区老沪闵路633号华东理工大学,31.145344,121.428444,30.0,0.0,意大利菜
237,芝邑意大利餐厅(这是一条测试商户数据，仅用于测试开发，开发完成后请申请正式数据...),闸北区学野路928号,31.24249,121.48649,0.0,0.0,意大利菜
238,玛丽莎意式餐厅(这是一条测试商户数据，仅用于测试开发，开发完成后请申请正式数据...),黄浦区南京东路300号名人购物中心B2楼,31.237572,121.48437,30.0,63.0,意大利菜
239,镰仓Pasta(这是一条测试商户数据，仅用于测试开发，开发完成后请申请正式数据...),黄浦区南京西路2-68号新世界城B1楼,31.23459,121.47344,40.0,58.0,意大利菜
240,TOSTO(这是一条测试商户数据，仅用于测试开发，开发完成后请申请正式数据...),闵行区虹梅路3213号红春大厦1楼K座 (Penggo Coffee),31.186064,121.38625,0.0,100.0,意大利菜
241,Mikuni意大利餐厅(这是一条测试商户数据，仅用于测试开发，开发完成后请申请正式数据...),长宁区华山路1415号,31.20714,121.43347,40.0,403.0,意大利菜
242,PizzaExpress马上诺(这是一条测试商户数据，仅用于测试开发，开发完成后请申请正式数据...),徐汇区辛耕路109号永新坊1层,31.1925,121.4438,45.0,112.0,意大利菜
243,OLMO Living(这是一条测试商户数据，仅用于测试开发，开发完成后请申请正式数据...),静安区吴江路169号四季坊1楼,31.22959,121.4603,30.0,0.0,意大利菜
244,镰仓PASTA(这是一条测试商户数据，仅用于测试开发，开发完成后请申请正式数据...),浦东新区世博大道路1368号G楼新世纪食品城5G03-1-003室,31.18752,121.490616,40.0,65.0,意大利菜
245,Dr.FAB(这是一条测试商户数据，仅用于测试开发，开发完成后请申请正式数据...),徐汇区思南路48号,31.21552,121.46727,35.0,186.0,意大利菜
246,HIITALY(这是一条测试商户数据，仅用于测试开发，开发完成后请申请正式数据...),嘉定区金沙江路3131号10号楼104,31.242785,121.35287,30.0,0.0,意大利菜
247,艾可(这是一条测试商户数据，仅用于测试开发，开发完成后请申请正式数据...),闸北区四期宿舍食堂旁,31.24249,121.48649,0.0,0.0,意大利菜
248,镰仓Pasta(这是一条测试商户数据，仅用于测试开发，开发完成后请申请正式数据...),徐汇区漕溪北路1111号万体馆,31.181467,121.43656,30.0,0.0,意大利菜
249,Food Inn(这是一条测试商户数据，仅用于测试开发，开发完成后请申请正式数据...),徐汇区斜土路2601号嘉汇广场T1-10楼A座,31.186876,121.44247,0.0,0.0,意大利菜
250,Taste & See (尝尝滋味）(这是一条测试商户数据，仅用于测试开发，开发完成后请申请正式数据...),静安区泰兴路99号张园内,31.228662,121.46006,35.0,129.0,意大利菜
251,红意艺术主题意大利餐厅(这是一条测试商户数据，仅用于测试开发，开发完成后请申请正式数据...),虹口区溧阳路611号1933老场坊1栋2楼,31.254543,121.491844,0.0,0.0,意大利菜
252,Porcellino(这是一条测试商户数据，仅用于测试开发，开发完成后请申请正式数据...),长宁区愚园路753号B幢1楼,31.220272,121.434395,30.0,124.0,意大利菜
253,APICIUS意大利名厨料理(这是一条测试商户数据，仅用于测试开发，开发完成后请申请正式数据...),卢湾区淮海中路776号4楼,31.218836,121.46361,35.0,106.0,意大利菜
254,意大利家(这是一条测试商户数据，仅用于测试开发，开发完成后请申请正式数据...),长宁区古羊路627号,31.191462,121.40488,0.0,0.0,意大利菜
255,老爸披萨(这是一条测试商户数据，仅用于测试开发，开发完成后请申请正式数据...),长宁区水城路576号,31.211473,121.39147,30.0,43.0,意大利菜
256,CUCINA 1980 STREET(这是一条测试商户数据，仅用于测试开发，开发完成后请申请正式数据...),卢湾区泰康路200号1楼,31.207954,121.469635,30.0,0.0,意大利菜
257,PIZZA ITALY(这是一条测试商户数据，仅用于测试开发，开发完成后请申请正式数据...),长宁区平溪路28号,31.193085,121.37203,30.0,30.0,意大利菜
258,意示主题餐厅(这是一条测试商户数据，仅用于测试开发，开发完成后请申请正式数据...),宝山区一二八纪念路1000弄万达广场金街1楼123号,31.323006,121.44569,30.0,0.0,意大利菜
259,镰仓PASTA(这是一条测试商户数据，仅用于测试开发，开发完成后请申请正式数据...),长宁区茅台路179号,31.209654,121.40246,0.0,0.0,意大利菜
260,Chef MK 品酒汇(这是一条测试商户数据，仅用于测试开发，开发完成后请申请正式数据...),静安区华山路643号,31.216475,121.440384,0.0,0.0,意大利菜
261,LA YUN COFFEE&FOOD(这是一条测试商户数据，仅用于测试开发，开发完成后请申请正式数据...),松江区仓华路675弄46号 金色华亭商业街内,31.013699,121.19085,0.0,0.0,意大利菜
262,百世达(这是一条测试商户数据，仅用于测试开发，开发完成后请申请正式数据...),黄浦区上海市西藏中路268号来福士广场06-07B/C室,31.23237,121.47671,30.0,0.0,意大利菜
263,漫食煮意(这是一条测试商户数据，仅用于测试开发，开发完成后请申请正式数据...),宝山区宝山区一二八纪念路1000弄宝山万达金街1楼141号,31.323727,121.4481,0.0,93.0,意大利菜
264,意米优欢乐餐厅(这是一条测试商户数据，仅用于测试开发，开发完成后请申请正式数据...),浦东新区汇豪路54号（冠郡大酒店旁）东方冠郡二期小区西门对面,0.0,0.0,0.0,0.0,意大利菜
265,萨莉亚(这是一条测试商户数据，仅用于测试开发，开发完成后请申请正式数据...),浦东新区森蓝商都B1,0.0,0.0,0.0,0.0,意大利菜
